num_rules,accuracy
10,0.5245901639344263
20,0.6229508196721312
30,0.6065573770491803
40,0.6229508196721312
50,0.6557377049180327
60,0.6557377049180327
70,0.639344262295082
80,0.6229508196721312
90,0.6065573770491803
100,0.6065573770491803
