num_rules,accuracy
10,0.5245901639344263
20,0.639344262295082
30,0.6885245901639344
40,0.7540983606557377
50,0.7868852459016393
60,0.819672131147541
70,0.819672131147541
80,0.8032786885245902
90,0.8032786885245902
100,0.819672131147541
