num_rules,accuracy
10,0.6885245901639344
20,0.7704918032786885
30,0.7540983606557377
40,0.819672131147541
50,0.7540983606557377
60,0.7868852459016393
70,0.8032786885245902
80,0.819672131147541
90,0.8360655737704918
100,0.8360655737704918
