num_rules,accuracy
10,0.5573770491803278
20,0.6557377049180327
30,0.639344262295082
40,0.6229508196721312
50,0.6557377049180327
60,0.6557377049180327
70,0.639344262295082
80,0.639344262295082
90,0.639344262295082
100,0.6557377049180327
