num_rules,accuracy
10,0.45901639344262296
20,0.8032786885245902
30,0.8360655737704918
40,0.8360655737704918
50,0.8360655737704918
60,0.8360655737704918
70,0.819672131147541
80,0.819672131147541
90,0.819672131147541
100,0.8360655737704918
