num_rules,accuracy
10,0.3114754098360656
20,0.3770491803278688
30,0.39344262295081966
40,0.5081967213114754
50,0.5081967213114754
60,0.5409836065573771
70,0.5409836065573771
80,0.5573770491803278
90,0.5573770491803278
100,0.5573770491803278
