num_rules,accuracy
10,0.819672131147541
20,0.8360655737704918
30,0.8524590163934426
40,0.8688524590163934
50,0.8852459016393442
60,0.9016393442622951
70,0.8852459016393442
80,0.9016393442622951
90,0.9016393442622951
100,0.9016393442622951
