num_rules,accuracy
10,0.9016393442622951
20,0.9016393442622951
30,0.8688524590163934
40,0.8688524590163934
50,0.8688524590163934
60,0.8688524590163934
70,0.8688524590163934
80,0.8688524590163934
90,0.8688524590163934
100,0.8524590163934426
