num_rules,accuracy
10,0.5245901639344263
20,0.6885245901639344
30,0.7377049180327869
40,0.7377049180327869
50,0.7540983606557377
60,0.819672131147541
70,0.8524590163934426
80,0.8360655737704918
90,0.8360655737704918
100,0.8360655737704918
