num_rules,accuracy
10,0.6229508196721312
20,0.7704918032786885
30,0.8032786885245902
40,0.8360655737704918
50,0.8360655737704918
60,0.8688524590163934
70,0.8688524590163934
80,0.8852459016393442
90,0.8688524590163934
100,0.8688524590163934
