num_rules,accuracy
10,0.6065573770491803
20,0.7540983606557377
30,0.7540983606557377
40,0.7704918032786885
50,0.7540983606557377
60,0.819672131147541
70,0.8852459016393442
80,0.8852459016393442
90,0.9016393442622951
100,0.8688524590163934
