num_rules,accuracy
10,0.5737704918032787
20,0.7704918032786885
30,0.7704918032786885
40,0.7868852459016393
50,0.819672131147541
60,0.819672131147541
70,0.819672131147541
80,0.8032786885245902
90,0.819672131147541
100,0.819672131147541
